,,,Salary,Salary,Salary,Salary,Salary,Salary,,#NAME?
Rk,Player,Tm,2024-25▼,2025-26,2026-27,2027-28,2028-29,2029-30,Guaranteed,-9999
1,Stephen Curry,GSW,"$55,761,216 ","$59,606,817 ","$62,587,158 ",,,,"$177,955,191 ",curryst01
2,Joel Embiid,PHI,"$51,415,938 ","$55,224,526 ","$57,985,752 ","$62,624,612 ","$67,263,472 ",,"$227,250,828 ",embiijo01
3,Nikola Jokić,DEN,"$51,415,938 ","$55,224,526 ","$59,033,114 ","$62,841,702 ",,,"$165,673,578 ",jokicni01
4,Kevin Durant,PHO,"$51,179,021 ","$54,708,609 ",,,,,"$105,887,630 ",duranke01
5,Bradley Beal,PHO,"$50,203,930 ","$53,666,270 ","$57,128,610 ",,,,"$103,870,200 ",bealbr01
6,Jaylen Brown,BOS,"$49,205,800 ","$53,142,264 ","$57,078,728 ","$61,015,192 ","$64,951,656 ",,"$285,393,640 ",brownja02
7,Devin Booker,PHO,"$49,205,800 ","$53,142,264 ","$57,078,728 ","$61,015,192 ",,,"$220,441,984 ",bookede01
8,Karl-Anthony Towns,NYK,"$49,205,800 ","$53,142,264 ","$57,078,728 ","$61,015,192 ",,,"$159,426,792 ",townska01
9,Paul George,PHI,"$49,205,800 ","$51,666,090 ","$54,126,380 ","$56,586,670 ",,,"$154,998,270 ",georgpa01
10,Kawhi Leonard,LAC,"$49,205,800 ","$50,000,000 ","$50,300,000 ",,,,"$149,505,800 ",leonaka01
11,Jimmy Butler,GSW,"$48,798,677 ","$54,126,450 ","$56,832,773 ",,,,"$159,757,900 ",butleji01
12,Giannis Antetokounmpo,MIL,"$48,787,676 ","$54,126,450 ","$58,456,566 ","$62,786,682 ",,,"$161,370,692 ",antetgi01
13,Damian Lillard,MIL,"$48,787,676 ","$54,126,450 ","$58,456,566 ",,,,"$102,914,126 ",lillada01
14,LeBron James,LAL,"$48,728,845 ","$52,627,153 ",,,,,"$48,728,845 ",jamesle01
15,Zach LaVine,SAC,"$44,531,940 ","$47,499,660 ","$48,967,380 ",,,,"$92,031,600 ",lavinza01
16,Rudy Gobert,MIN,"$43,827,586 ","$35,000,000 ","$36,500,000 ","$38,000,000 ",,,"$115,327,586 ",goberru01
17,Anthony Davis,DAL,"$43,219,440 ","$54,126,450 ","$58,456,566 ","$62,786,682 ",,,"$155,802,456 ",davisan02
18,Luka Dončić,LAL,"$43,031,940 ","$45,999,660 ","$48,967,380 ",,,,"$89,031,600 ",doncilu01
19,Trae Young,ATL,"$43,031,940 ","$45,999,660 ","$48,967,380 ",,,,"$89,031,600 ",youngtr01
20,Fred VanVleet,HOU,"$42,846,615 ","$44,886,930 ",,,,,"$42,846,615 ",vanvlfr01
21,Anthony Edwards,MIN,"$42,176,400 ","$45,550,512 ","$48,924,624 ","$52,298,736 ","$55,672,848 ",,"$244,623,120 ",edwaran01
22,Tyrese Haliburton,IND,"$42,176,400 ","$45,550,512 ","$48,924,624 ","$52,298,736 ","$55,672,848 ",,"$244,623,120 ",halibty01
23,Lauri Markkanen,UTA,"$42,176,400 ","$46,394,100 ","$46,113,154 ","$49,824,681 ","$53,536,209 ",,"$238,044,544 ",markkla01
24,Pascal Siakam,IND,"$42,176,400 ","$45,550,512 ","$48,924,624 ","$52,298,736 ",,,"$188,950,272 ",siakapa01
25,Kyrie Irving,DAL,"$41,000,000 ","$43,962,963 ",,,,,"$41,000,000 ",irvinky01
26,Domantas Sabonis,SAC,"$40,500,000 ","$43,636,000 ","$46,772,000 ","$49,908,000 ",,,"$180,816,000 ",sabondo01
27,Ben Simmons,BRK,"$40,011,909 ",,,,,,"$39,256,083 ",simmobe01
28,Ben Simmons,LAC,"$40,011,909 ",,,,,,"$755,826 ",simmobe01
29,Zion Williamson,NOP,"$36,725,670 ","$39,446,090 ","$42,166,510 ","$44,886,930 ",,,"$163,225,200 ",willizi01
30,Ja Morant,MEM,"$36,725,670 ","$39,446,090 ","$42,166,510 ","$44,886,930 ",,,"$163,225,200 ",moranja01
31,Darius Garland,CLE,"$36,725,670 ","$39,446,090 ","$42,166,510 ","$44,886,930 ",,,"$163,225,200 ",garlada01
32,OG Anunoby,NYK,"$36,637,932 ","$39,568,966 ","$42,500,000 ","$45,431,034 ","$48,362,068 ",,"$164,137,932 ",anunoog01
33,Jamal Murray,DEN,"$36,016,200 ","$46,394,100 ","$50,105,628 ","$53,817,156 ","$57,528,684 ",,"$243,861,768 ",murraja01
34,Brandon Ingram,TOR,"$36,016,200 ","$38,095,238 ","$40,000,000 ","$41,904,762 ",,,"$114,111,438 ",ingrabr01
35,Shai Gilgeous-Alexander,OKC,"$35,859,950 ","$38,333,050 ","$40,806,150 ",,,,"$114,999,150 ",gilgesh01
36,Michael Porter Jr.,DEN,"$35,859,950 ","$38,333,050 ","$40,806,150 ",,,,"$86,193,000 ",portemi01
37,Donovan Mitchell,CLE,"$35,410,310 ","$46,394,100 ","$50,105,628 ","$53,817,156 ",,,"$131,910,038 ",mitchdo01
38,Tyrese Maxey,PHI,"$35,147,000 ","$37,958,760 ","$40,770,520 ","$43,582,280 ","$46,394,040 ",,"$203,852,600 ",maxeyty01
39,LaMelo Ball,CHO,"$35,147,000 ","$37,958,760 ","$40,770,520 ","$43,582,280 ","$46,394,040 ",,"$203,852,600 ",ballla01
40,Jayson Tatum,BOS,"$34,848,340 ","$54,126,450 ","$58,456,566 ","$62,786,682 ","$67,116,798 ","$71,446,914 ","$277,334,836 ",tatumja01
41,Bam Adebayo,MIA,"$34,848,340 ","$37,096,620 ","$48,713,700 ","$52,610,796 ","$56,507,892 ",,"$173,269,456 ",adebaba01
42,De'Aaron Fox,SAS,"$34,848,340 ","$37,096,620 ",,,,,"$71,944,960 ",foxde01
43,Desmond Bane,MEM,"$34,005,250 ","$36,725,670 ","$39,446,090 ","$42,166,510 ","$44,886,930 ",,"$197,230,450 ",banede01
44,Deandre Ayton,POR,"$34,005,126 ","$35,550,814 ",,,,,"$69,555,940 ",aytonde01
45,James Harden,LAC,"$33,653,846 ","$36,346,154 ",,,,,"$33,653,846 ",hardeja01
46,CJ McCollum,NOP,"$33,333,333 ","$30,666,666 ",,,,,"$63,999,999 ",mccolcj01
47,Julius Randle,MIN,"$33,073,920 ","$30,935,520 ",,,,,"$33,073,920 ",randlju01
48,Immanuel Quickley,TOR,"$32,500,000 ","$32,500,000 ","$32,500,000 ","$32,500,000 ","$32,500,000 ",,"$162,500,000 ",quickim01
49,Khris Middleton,WAS,"$31,000,000 ","$33,296,296 ",,,,,"$31,000,000 ",middlkh01
50,Jrue Holiday,BOS,"$30,000,000 ","$32,400,000 ","$34,800,000 ","$37,200,000 ",,,"$97,200,000 ",holidjr01
51,Isaiah Hartenstein,OKC,"$30,000,000 ","$28,500,000 ","$28,500,000 ",,,,"$58,500,000 ",harteis01
52,Jerami Grant,POR,"$29,793,104 ","$32,000,001 ","$34,206,898 ","$36,413,790 ",,,"$96,000,003 ",grantje01
53,Jordan Poole,WAS,"$29,651,786 ","$31,848,215 ","$34,044,642 ",,,,"$95,544,643 ",poolejo01
54,Dejounte Murray,NOP,"$29,517,135 ","$31,557,103 ","$33,597,072 ","$31,619,506 ",,,"$94,671,310 ",murrade01
55,Devin Vassell,SAS,"$29,347,826 ","$27,000,000 ","$27,000,000 ","$24,652,174 ","$27,000,000 ",,"$135,000,000 ",vassede01
56,Kristaps Porziņģis,BOS,"$29,268,293 ","$30,731,707 ",,,,,"$60,000,000 ",porzikr01
57,Tyler Herro,MIA,"$29,000,000 ","$31,000,000 ","$33,000,000 ",,,,"$93,000,000 ",herroty01
58,Nic Claxton,BRK,"$27,556,817 ","$25,352,272 ","$23,147,727 ","$20,943,184 ",,,"$97,000,000 ",claxtni01
59,Miles Bridges,CHO,"$27,173,913 ","$25,000,000 ","$22,826,087 ",,,,"$75,000,000 ",bridgmi02
60,John Collins,UTA,"$26,580,000 ","$26,580,000 ",,,,,"$26,580,000 ",collijo01
61,Andrew Wiggins,MIA,"$26,276,786 ","$28,223,215 ","$30,169,644 ",,,,"$54,500,001 ",wiggian01
62,Anfernee Simons,POR,"$25,892,857 ","$27,678,571 ",,,,,"$53,571,428 ",simonan01
63,RJ Barrett,TOR,"$25,794,643 ","$27,705,357 ","$29,616,071 ",,,,"$83,116,071 ",barrerj01
64,Tobias Harris,DET,"$25,365,854 ","$26,634,146 ",,,,,"$52,000,000 ",harrito02
65,Jaren Jackson Jr.,MEM,"$25,257,798 ","$23,413,395 ",,,,,"$48,671,193 ",jacksja02
66,Jonathan Isaac,ORL,"$25,000,000 ","$15,000,000 ","$14,500,000 ","$14,500,000 ","$15,000,000 ",,"$69,000,000 ",isaacjo01
67,Jalen Brunson,NYK,"$24,960,001 ","$34,944,001 ","$37,739,521 ","$40,535,041 ","$43,330,561 ",,"$138,178,564 ",brunsja01
68,Terry Rozier,MIA,"$24,924,126 ","$26,643,031 ",,,,,"$51,567,157 ",roziete01
69,Kyle Kuzma,MIL,"$24,456,061 ","$22,410,605 ","$20,345,152 ",,,,"$67,211,818 ",kuzmaky01
70,Draymond Green,GSW,"$24,107,143 ","$25,892,857 ","$27,678,571 ",,,,"$77,678,571 ",greendr01
71,DeMar DeRozan,SAC,"$23,400,000 ","$24,570,000 ","$25,740,000 ",,,,"$47,970,000 ",derozde01
72,Mikal Bridges,NYK,"$23,300,000 ","$24,900,000 ",,,,,"$48,200,000 ",bridgmi01
73,Jaden McDaniels,MIN,"$23,017,242 ","$24,858,622 ","$26,700,001 ","$28,541,380 ","$30,382,755 ",,"$133,500,000 ",mcdanja02
74,Bruce Brown,NOP,"$23,000,000 ",,,,,,"$23,000,000 ",brownbr01
75,Brook Lopez,MIL,"$23,000,000 ",,,,,,"$23,000,000 ",lopezbr01
76,Aaron Gordon,DEN,"$22,841,455 ","$22,841,455 ","$31,978,037 ","$34,536,280 ","$37,094,523 ",,"$112,197,227 ",gordoaa01
77,Kentavious Caldwell-Pope,ORL,"$22,757,000 ","$21,621,500 ","$21,621,500 ",,,,"$44,378,500 ",caldwke01
78,Cameron Johnson,BRK,"$22,500,000 ","$20,543,478 ","$22,500,000 ",,,,"$65,543,478 ",johnsca02
79,Malcolm Brogdon,WAS,"$22,500,000 ",,,,,,"$22,500,000 ",brogdma01
80,Clint Capela,ATL,"$22,265,280 ",,,,,,"$22,265,280 ",capelca01
81,Dillon Brooks,HOU,"$22,255,493 ","$21,124,110 ","$19,992,727 ",,,,"$63,372,330 ",brookdi01
82,De'Andre Hunter,CLE,"$21,696,429 ","$23,303,571 ","$24,910,714 ",,,,"$69,910,714 ",huntede01
83,Lonzo Ball,CHI,"$21,395,348 ","$10,000,000 ","$10,000,000 ",,,,"$31,395,348 ",balllo01
84,Marcus Smart,WAS,"$20,210,284 ","$21,586,855 ",,,,,"$41,797,139 ",smartma01
85,Derrick White,BOS,"$20,071,429 ","$28,100,000 ","$30,348,000 ","$32,596,000 ","$34,844,000 ",,"$111,115,429 ",whitede01
86,Jarrett Allen,CLE,"$20,000,000 ","$20,000,000 ","$28,000,000 ","$30,240,000 ","$32,480,000 ",,"$130,720,000 ",allenja01
87,Nikola Vučević,CHI,"$20,000,000 ","$21,481,481 ",,,,,"$41,481,481 ",vucevni01
88,Myles Turner,IND,"$19,928,500 ",,,,,,"$19,928,500 ",turnemy01
89,Jakob Poeltl,TOR,"$19,500,000 ","$19,500,000 ","$19,500,000 ",,,,"$39,000,000 ",poeltja01
90,Duncan Robinson,MIA,"$19,406,000 ","$19,888,000 ",,,,,"$29,294,000 ",robindu01
91,Norman Powell,LAC,"$19,241,379 ","$20,482,758 ",,,,,"$39,724,137 ",powelno01
92,Bojan Bogdanović,BRK,"$19,032,850 ",,,,,,"$19,032,850 ",bogdabo02
93,Keldon Johnson,SAS,"$19,000,000 ","$17,500,000 ","$17,500,000 ",,,,"$54,000,000 ",johnske04
94,D'Angelo Russell,BRK,"$18,692,307 ",,,,,,"$18,692,307 ",russeda01
95,Collin Sexton,UTA,"$18,350,000 ","$19,175,000 ",,,,,"$37,525,000 ",sextoco01
96,Josh Hart,NYK,"$18,144,000 ","$19,472,240 ","$20,923,760 ","$22,375,280 ",,,"$58,540,000 ",hartjo01
97,Jusuf Nurkić,CHO,"$18,125,000 ","$19,375,000 ",,,,,"$37,500,000 ",nurkiju01
98,Patrick Williams,CHI,"$18,000,000 ","$18,000,000 ","$18,000,000 ","$18,000,000 ","$18,000,000 ",,"$72,000,000 ",willipa01
99,Harrison Barnes,SAS,"$18,000,000 ","$19,000,000 ",,,,,"$37,000,000 ",barneha02
100,Malik Monk,SAC,"$17,405,203 ","$18,797,619 ","$20,190,035 ","$21,582,451 ",,,"$56,392,857 ",monkma01
101,Bogdan Bogdanović,LAC,"$17,260,000 ","$16,020,000 ","$16,020,000 ",,,,"$33,280,000 ",bogdabo01
102,Rui Hachimura,LAL,"$17,000,000 ","$18,259,259 ",,,,,"$35,259,259 ",hachiru01
103,Kevin Huerter,CHI,"$16,830,357 ","$17,991,071 ",,,,,"$34,821,428 ",huertke01
104,Zach Collins,CHI,"$16,741,200 ","$18,080,496 ",,,,,"$34,821,696 ",colliza01
105,Caris LeVert,ATL,"$16,615,384 ",,,,,,"$16,615,384 ",leverca01
106,Luguentz Dort,OKC,"$16,500,000 ","$17,722,222 ","$17,722,222 ",,,,"$34,222,222 ",dortlu01
107,Tim Hardaway Jr.,DET,"$16,193,183 ",,,,,,"$16,193,183 ",hardati02
108,Klay Thompson,DAL,"$15,873,016 ","$16,666,667 ","$17,460,317 ",,,,"$50,000,000 ",thompkl01
109,Deni Avdija,POR,"$15,625,000 ","$14,375,000 ","$13,125,000 ","$11,875,000 ",,,"$55,000,000 ",avdijde01
110,Grayson Allen,PHO,"$15,625,000 ","$16,875,000 ","$18,125,000 ","$19,375,000 ",,,"$50,625,000 ",allengr01
111,P.J. Washington,DAL,"$15,500,000 ","$14,152,174 ",,,,,"$29,652,174 ",washipj01
112,Max Strus,CLE,"$15,212,068 ","$15,936,452 ","$16,660,836 ",,,,"$47,809,356 ",strusma01
113,Isaiah Stewart,DET,"$15,000,000 ","$15,000,000 ","$15,000,000 ","$15,000,000 ",,,"$45,000,000 ",stewais01
114,Dorian Finney-Smith,LAL,"$14,924,167 ","$15,378,480 ",,,,,"$14,924,167 ",finnedo01
115,Mitchell Robinson,NYK,"$14,318,182 ","$12,954,546 ",,,,,"$27,272,728 ",robinmi01
116,Jordan Clarkson,UTA,"$14,092,577 ","$14,285,714 ",,,,,"$28,378,291 ",clarkjo01
117,Onyeka Okongwu,ATL,"$14,000,000 ","$15,000,000 ","$16,120,000 ","$16,880,000 ",,,"$62,000,000 ",okongon01
118,Naz Reid,MIN,"$13,986,432 ","$15,022,464 ",,,,,"$13,986,432 ",reidna01
119,Cade Cunningham,DET,"$13,940,809 ","$38,661,750 ","$41,754,690 ","$44,847,630 ","$47,940,570 ","$51,033,510 ","$238,178,959 ",cunnica01
120,Daniel Gafford,DAL,"$13,394,160 ","$14,386,320 ",,,,,"$27,780,480 ",gaffoda01
121,Grant Williams,CHO,"$13,025,250 ","$13,645,500 ","$14,265,750 ",,,,"$40,936,500 ",willigr01
122,Dennis Schröder,DET,"$13,025,250 ",,,,,,"$13,025,250 ",schrode01
123,Isaiah Joe,OKC,"$12,991,650 ","$12,362,338 ","$11,323,006 ","$11,323,006 ",,,"$36,676,994 ",joeis01
124,Herbert Jones,NOP,"$12,976,362 ","$13,937,574 ","$14,898,786 ",,,,"$41,812,722 ",joneshe01
125,Austin Reaves,LAL,"$12,976,362 ","$13,937,574 ","$14,898,786 ",,,,"$26,913,936 ",reaveau01
126,Obi Toppin,IND,"$12,975,000 ","$14,000,000 ","$15,000,000 ","$16,025,000 ",,,"$58,000,000 ",toppiob01
127,Cole Anthony,ORL,"$12,900,000 ","$13,100,000 ","$13,100,000 ",,,,"$26,000,000 ",anthoco01
128,De'Anthony Melton,BRK,"$12,822,000 ",,,,,,"$12,822,000 ",meltode01
129,Kelly Olynyk,NOP,"$12,804,878 ","$13,445,122 ",,,,,"$26,250,000 ",olynyke01
130,Victor Wembanyama,SAS,"$12,768,960 ","$13,376,880 ","$16,868,246 ",,,,"$26,145,840 ",wembavi01
131,Josh Green,CHO,"$12,654,321 ","$13,666,667 ","$14,679,012 ",,,,"$41,000,000 ",greenjo02
132,Richaun Holmes,WAS,"$12,648,321 ","$13,280,737 ",,,,,"$12,648,321 ",holmeri01
133,Steven Adams,HOU,"$12,600,000 ",,,,,,"$12,600,000 ",adamsst01
134,Bobby Portis,MIL,"$12,578,286 ","$13,445,754 ",,,,,"$12,578,286 ",portibo01
135,Zaccharie Risacher,ATL,"$12,569,040 ","$13,197,720 ","$13,826,040 ","$17,434,637 ",,,"$25,766,760 ",risacza01
136,Brandon Clarke,MEM,"$12,500,000 ","$12,500,000 ","$12,500,000 ",,,,"$37,500,000 ",clarkbr01
137,Marvin Bagley III,MEM,"$12,500,000 ",,,,,,"$12,500,000 ",baglema01
138,Jalen Green,HOU,"$12,483,048 ","$33,333,333 ","$36,000,000 ","$36,000,000 ",,,"$81,816,381 ",greenja05
139,Robert Williams,POR,"$12,428,571 ","$13,285,713 ",,,,,"$25,714,284 ",williro04
140,Paolo Banchero,ORL,"$12,160,800 ","$15,334,769 ",,,,,"$27,495,569 ",banchpa01
141,Coby White,CHI,"$12,000,000 ","$12,888,889 ",,,,,"$24,888,889 ",whiteco01
142,Wendell Carter Jr.,ORL,"$11,950,000 ","$10,850,000 ","$18,102,000 ","$19,550,160 ","$20,998,320 ",,"$60,452,160 ",cartewe01
143,Ivica Zubac,LAC,"$11,743,210 ","$18,102,000 ","$19,550,160 ","$20,998,320 ",,,"$70,393,690 ",zubaciv01
144,P.J. Tucker,TOR,"$11,539,000 ",,,,,,"$11,539,000 ",tuckepj01
145,Donte DiVincenzo,MIN,"$11,445,000 ","$11,990,000 ","$12,535,000 ",,,,"$35,970,000 ",divindo01
146,Brandon Miller,CHO,"$11,424,600 ","$11,968,800 ","$15,104,626 ",,,,"$23,393,400 ",millebr02
147,Terance Mann,ATL,"$11,423,077 ","$15,500,000 ","$15,500,000 ","$16,000,000 ",,,"$58,423,077 ",mannte01
148,Alex Sarr,WAS,"$11,245,680 ","$11,808,240 ","$12,370,680 ","$15,611,798 ",,,"$23,053,920 ",sarral01
149,Evan Mobley,CLE,"$11,227,657 ","$38,661,750 ","$41,754,690 ","$44,847,630 ","$47,940,570 ","$51,033,510 ","$235,465,807 ",mobleev01
150,Larry Nance Jr.,ATL,"$11,205,000 ",,,,,,"$11,205,000 ",nancela02
151,Matisse Thybulle,POR,"$11,025,000 ","$11,550,000 ",,,,,"$11,025,000 ",thybuma01
152,Aaron Nesmith,IND,"$11,000,000 ","$11,000,000 ","$11,000,000 ",,,,"$33,000,000 ",nesmiaa01
153,Gabe Vincent,LAL,"$11,000,000 ","$11,500,000 ",,,,,"$22,500,000 ",vincega01
154,Maxi Kleber,LAL,"$11,000,000 ","$11,000,000 ",,,,,"$22,000,000 ",klebima01
155,Moritz Wagner,ORL,"$11,000,000 ","$11,000,000 ",,,,,"$11,000,000 ",wagnemo01
156,Chet Holmgren,OKC,"$10,880,640 ","$13,731,368 ",,,,,"$24,612,008 ",holmgch01
157,Chris Boucher,TOR,"$10,810,000 ",,,,,,"$10,810,000 ",bouchch01
158,Jarred Vanderbilt,LAL,"$10,714,286 ","$11,571,429 ","$12,428,571 ","$13,285,714 ",,,"$34,714,286 ",vandeja01
159,Aaron Wiggins,OKC,"$10,514,017 ","$9,672,897 ","$8,831,776 ","$7,990,655 ","$7,990,655 ",,"$45,000,000 ",wiggiaa01
160,Chris Paul,SAS,"$10,460,000 ",,,,,,"$10,460,000 ",paulch01
161,Scoot Henderson,POR,"$10,259,160 ","$10,748,040 ","$13,585,523 ",,,,"$21,007,200 ",hendesc01
162,Isaac Okoro,CLE,"$10,185,186 ","$11,000,000 ","$11,814,814 ",,,,"$33,000,000 ",okorois01
163,Scottie Barnes,TOR,"$10,130,980 ","$38,661,750 ","$41,754,690 ","$44,847,630 ","$47,940,570 ","$51,033,510 ","$234,369,130 ",barnesc01
164,Reed Sheppard,HOU,"$10,098,960 ","$10,603,560 ","$11,108,880 ","$14,041,625 ",,,"$20,702,520 ",sheppre01
165,Mike Conley,MIN,"$9,975,962 ","$10,774,038 ",,,,,"$20,750,000 ",conlemi01
166,Jonas Valančiūnas,SAC,"$9,900,000 ","$10,395,000 ","$10,000,000 ",,,,"$20,295,000 ",valanjo01
167,Alex Caruso,OKC,"$9,890,000 ","$18,102,000 ","$19,550,160 ","$20,998,320 ","$22,446,480 ",,"$90,986,960 ",carusal01
168,Jabari Smith Jr.,HOU,"$9,770,880 ","$12,350,392 ",,,,,"$22,121,272 ",smithja05
169,Derrick Jones Jr.,LAC,"$9,523,810 ","$10,000,000 ","$10,476,190 ",,,,"$30,000,000 ",jonesde02
170,Al Horford,BOS,"$9,500,000 ",,,,,,"$9,500,000 ",horfoal01
171,Pat Connaughton,MIL,"$9,423,869 ","$9,423,869 ",,,,,"$9,423,869 ",connapa01
172,Royce O'Neale,PHO,"$9,375,000 ","$10,125,000 ","$10,875,000 ","$11,625,000 ",,,"$42,000,000 ",onealro01
173,T.J. McConnell,IND,"$9,300,000 ","$10,200,000 ","$11,000,000 ","$11,800,000 ","$11,800,000 ",,"$42,300,000 ",mccontj01
174,Luke Kennard,MEM,"$9,250,000 ",,,,,,"$9,250,000 ",kennalu01
175,Amen Thompson,HOU,"$9,249,960 ","$9,690,600 ","$12,258,609 ",,,,"$18,940,560 ",thompam01
176,Jalen Suggs,ORL,"$9,188,385 ","$35,000,000 ","$32,400,000 ","$29,600,000 ","$26,800,000 ","$26,700,000 ","$132,988,385 ",suggsja01
177,Caleb Martin,DAL,"$9,186,594 ","$9,594,044 ","$10,001,493 ","$9,371,351 ",,,"$28,782,131 ",martica02
178,Gary Payton II,GSW,"$9,130,000 ",,,,,,"$9,130,000 ",paytoga02
179,Stephon Castle,SAS,"$9,105,120 ","$9,560,520 ","$10,015,920 ","$12,670,139 ",,,"$18,665,640 ",castlst01
180,Tre Jones,CHI,"$9,104,167 ",,,,,,"$9,104,167 ",jonestr01
181,Goga Bitadze,ORL,"$9,057,971 ","$8,333,333 ","$7,608,696 ",,,,"$25,000,000 ",bitadgo01
182,Zeke Nnaji,DEN,"$8,888,889 ","$8,177,778 ","$7,466,667 ","$7,466,667 ",,,"$24,533,334 ",nnajize01
183,Keegan Murray,SAC,"$8,809,560 ","$11,144,093 ",,,,,"$19,953,653 ",murrake02
184,Buddy Hield,GSW,"$8,780,488 ","$9,219,512 ","$9,658,536 ","$10,097,560 ",,,"$27,658,536 ",hieldbu01
185,Kyle Anderson,MIA,"$8,780,488 ","$9,219,512 ","$9,658,536 ",,,,"$18,000,000 ",anderky01
186,Naji Marshall,DAL,"$8,571,429 ","$9,000,000 ","$9,428,571 ",,,,"$27,000,000 ",marshna01
187,Jalen Smith,CHI,"$8,571,429 ","$9,000,000 ","$9,428,571 ",,,,"$27,000,000 ",smithja04
188,Georges Niang,ATL,"$8,500,000 ","$8,200,000 ",,,,,"$16,700,000 ",niangge01
189,Ausar Thompson,DET,"$8,376,000 ","$8,775,000 ","$11,117,925 ",,,,"$17,151,000 ",thompau01
190,Josh Giddey,CHI,"$8,352,367 ",,,,,,"$8,352,367 ",giddejo01
191,Josh Okogie,CHO,"$8,250,000 ","$7,750,000 ",,,,,"$8,250,000 ",okogijo01
192,Ron Holland,DET,"$8,245,320 ","$8,657,280 ","$9,069,600 ","$11,491,183 ",,,"$16,902,600 ",hollaro01
193,Cody Martin,PHO,"$8,120,000 ","$8,680,000 ",,,,,"$8,120,000 ",martico01
194,Jock Landale,HOU,"$8,000,000 ","$8,000,000 ","$8,000,000 ",,,,"$16,000,000 ",landajo01
195,Trey Lyles,SAC,"$8,000,000 ",,,,,,"$8,000,000 ",lylestr01
196,Jeff Green,HOU,"$8,000,000 ",,,,,,"$8,000,000 ",greenje02
197,Kevon Looney,GSW,"$8,000,000 ",,,,,,"$8,000,000 ",looneke01
198,Kelly Oubre Jr.,PHI,"$7,983,000 ","$8,382,150 ",,,,,"$7,983,000 ",oubreke01
199,Jaden Ivey,DET,"$7,977,240 ","$10,107,163 ",,,,,"$18,084,403 ",iveyja01
200,KJ Martin,UTA,"$7,975,000 ","$8,025,000 ",,,,,"$7,975,000 ",martike04
201,Vasilije Micić,PHO,"$7,723,000 ","$8,109,150 ",,,,,"$7,723,000 ",micicva01
202,Simone Fontecchio,DET,"$7,692,308 ","$8,307,692 ",,,,,"$16,000,000 ",fontesi01
203,Jonathan Kuminga,GSW,"$7,636,307 ",,,,,,"$7,636,307 ",kuminjo01
204,Anthony Black,ORL,"$7,607,760 ","$7,970,280 ","$10,106,316 ",,,,"$15,578,040 ",blackan01
205,Jae'Sean Tate,HOU,"$7,565,217 ",,,,,,"$7,565,217 ",tateja01
206,Gary Harris,ORL,"$7,500,000 ","$7,500,000 ",,,,,"$7,500,000 ",harriga01
207,Tidjane Salaün,CHO,"$7,488,720 ","$7,863,240 ","$8,237,880 ","$10,445,633 ",,,"$15,351,960 ",salauti01
208,Bennedict Mathurin,IND,"$7,245,720 ","$9,187,573 ",,,,,"$16,433,293 ",mathube01
209,Max Christie,DAL,"$7,142,857 ","$7,714,286 ","$8,285,714 ","$8,857,143 ",,,"$23,142,857 ",chrisma02
210,Franz Wagner,ORL,"$7,007,092 ","$38,661,750 ","$41,754,690 ","$44,847,630 ","$47,940,570 ","$51,033,510 ","$231,245,242 ",wagnefr01
211,Ayo Dosunmu,CHI,"$7,000,000 ","$7,518,518 ",,,,,"$14,518,518 ",dosunay01
212,Bilal Coulibaly,WAS,"$6,945,240 ","$7,275,600 ","$9,240,012 ",,,,"$14,220,840 ",coulibi01
213,Donovan Clingan,POR,"$6,836,400 ","$7,178,400 ","$7,519,920 ","$9,550,298 ",,,"$14,014,800 ",clingdo01
214,Payton Pritchard,BOS,"$6,696,429 ","$7,232,143 ","$7,767,857 ","$8,303,571 ",,,"$30,000,000 ",pritcpa01
215,Kenrich Williams,OKC,"$6,669,000 ","$7,163,000 ","$7,163,000 ",,,,"$13,832,000 ",willike04
216,Shaedon Sharpe,POR,"$6,614,160 ","$8,399,983 ",,,,,"$15,014,143 ",sharpsh01
217,Jevon Carter,CHI,"$6,500,000 ","$6,809,524 ",,,,,"$6,500,000 ",carteje01
218,Davion Mitchell,MIA,"$6,451,077 ",,,,,,"$6,451,077 ",mitchda01
219,Saddiq Bey,WAS,"$6,440,678 ","$6,118,644 ","$6,440,678 ",,,,"$19,000,000 ",beysa01
220,Jarace Walker,IND,"$6,362,520 ","$6,665,520 ","$8,478,542 ",,,,"$13,028,040 ",walkeja02
221,Rob Dillingham,MIN,"$6,262,920 ","$6,576,120 ","$6,889,320 ","$8,763,216 ",,,"$12,839,040 ",dilliro01
222,Dean Wade,CLE,"$6,166,667 ","$6,623,456 ",,,,,"$6,166,667 ",wadede01
223,John Konchar,MEM,"$6,165,000 ","$6,165,000 ","$6,165,000 ",,,,"$18,495,000 ",konchjo01
224,Ziaire Williams,BRK,"$6,133,005 ",,,,,,"$6,133,005 ",willizi02
225,Dyson Daniels,ATL,"$6,059,520 ","$7,707,709 ",,,,,"$13,767,229 ",daniedy01
226,Precious Achiuwa,NYK,"$6,000,000 ",,,,,,"$6,000,000 ",achiupr01
227,Malik Beasley,DET,"$6,000,000 ",,,,,,"$6,000,000 ",beaslma01
228,Chris Duarte,CHI,"$5,893,768 ",,,,,,"$5,893,768 ",duartch01
229,Taylor Hendricks,UTA,"$5,848,680 ","$6,127,080 ","$7,805,900 ",,,,"$11,975,760 ",hendrta01
230,Moses Moody,GSW,"$5,803,269 ","$11,574,075 ","$12,500,000 ","$13,425,925 ",,,"$43,303,269 ",moodymo01
231,Zach Edey,MEM,"$5,756,880 ","$6,045,000 ","$6,332,760 ","$8,067,937 ",,,"$11,801,880 ",edeyza01
232,Corey Kispert,WAS,"$5,705,887 ","$13,975,000 ","$13,975,000 ","$13,050,000 ","$13,050,000 ",,"$46,705,887 ",kispeco01
233,Russell Westbrook,DEN,"$5,631,296 ","$3,468,960 ",,,,,"$3,303,771 ",westbru01
234,Russell Westbrook,UTA,"$5,631,296 ","$3,468,960 ",,,,,"$2,327,525 ",westbru01
235,Jeremy Sochan,SAS,"$5,570,040 ","$7,096,231 ",,,,,"$12,666,271 ",sochaje01
236,Cason Wallace,OKC,"$5,555,880 ","$5,820,240 ","$7,420,806 ",,,,"$11,376,120 ",wallaca01
237,Cody Williams,UTA,"$5,469,120 ","$5,742,480 ","$6,015,600 ","$7,669,890 ",,,"$11,211,600 ",willico04
238,Alperen Şengün,HOU,"$5,424,654 ","$33,944,954 ","$35,642,202 ","$37,339,450 ","$39,036,697 ","$39,036,697 ","$151,387,957 ",sengual01
239,Johnny Davis,MEM,"$5,291,160 ",,,,,,"$5,291,160 ",davisjo06
240,Jett Howard,ORL,"$5,278,320 ","$5,529,720 ","$7,337,939 ",,,,"$10,808,040 ",howarje01
241,Dāvis Bertāns,CHO,"$5,250,000 ",,,,,,"$5,250,000 ",bertada01
242,Haywood Highsmith,MIA,"$5,200,000 ","$5,616,000 ",,,,,"$10,816,000 ",highsha01
243,Matas Buzelis,CHI,"$5,195,520 ","$5,455,560 ","$5,715,360 ","$7,584,283 ",,,"$10,651,080 ",buzelma01
244,Kris Dunn,LAC,"$5,168,000 ","$5,426,400 ","$5,684,800 ",,,,"$10,594,400 ",dunnkr01
245,Dario Šarić,DEN,"$5,168,000 ","$5,426,400 ",,,,,"$5,168,000 ",saricda01
246,Trey Murphy III,NOP,"$5,159,854 ","$25,000,000 ","$27,000,000 ","$29,000,000 ","$31,000,000 ",,"$117,159,854 ",murphtr02
247,Ousmane Dieng,OKC,"$5,027,040 ","$6,670,882 ",,,,,"$11,697,922 ",diengou01
248,Dereck Lively II,DAL,"$5,014,560 ","$5,253,360 ","$7,239,131 ",,,,"$10,267,920 ",livelde01
249,Nick Richards,PHO,"$5,000,000 ","$5,000,000 ",,,,,"$5,000,000 ",richani01
250,Andre Drummond,PHI,"$5,000,000 ","$5,000,000 ",,,,,"$5,000,000 ",drumman01
251,Drew Eubanks,LAC,"$5,000,000 ","$4,750,000 ",,,,,"$5,000,000 ",eubandr01
252,Nikola Topić,OKC,"$4,935,960 ","$5,182,920 ","$5,429,760 ","$7,482,210 ",,,"$10,118,880 ",topicni01
253,Tre Mann,CHO,"$4,908,373 ",,,,,,"$4,908,373 ",manntr01
254,Jalen Williams,OKC,"$4,775,760 ","$6,580,997 ",,,,,"$11,356,757 ",willija06
255,Gradey Dick,TOR,"$4,763,760 ","$4,990,560 ","$7,131,511 ",,,,"$9,754,320 ",dickgr01
256,Jalen McDaniels,SAS,"$4,741,800 ",,,,,,"$4,741,800 ",mcdanja01
257,Miles McBride,NYK,"$4,710,144 ","$4,333,333 ","$3,956,523 ",,,,"$13,000,000 ",mcbrimi01
258,Devin Carter,SAC,"$4,689,000 ","$4,923,720 ","$5,158,080 ","$7,370,897 ",,,"$9,612,720 ",cartede02
259,Nicolas Batum,LAC,"$4,668,000 ","$4,901,400 ",,,,,"$4,668,000 ",batumni01
260,Aaron Holiday,HOU,"$4,668,000 ","$4,901,400 ",,,,,"$4,668,000 ",holidaa01
261,Jalen Duren,DET,"$4,536,840 ","$6,483,144 ",,,,,"$11,019,984 ",durenja01
262,Jordan Hawkins,NOP,"$4,525,680 ","$4,741,320 ","$7,021,895 ",,,,"$9,267,000 ",hawkijo01
263,Jalen Johnson,ATL,"$4,510,905 ","$30,000,000 ","$30,000,000 ","$30,000,000 ","$30,000,000 ","$30,000,000 ","$154,510,905 ",johnsja05
264,Bub Carrington,WAS,"$4,454,880 ","$4,677,600 ","$4,900,560 ","$7,257,730 ",,,"$9,132,480 ",carrica01
265,Isaiah Jackson,IND,"$4,435,381 ",,,,,,"$4,435,381 ",jacksis01
266,Nickeil Alexander-Walker,MIN,"$4,312,500 ",,,,,,"$4,312,500 ",alexani01
267,Ochai Agbaji,TOR,"$4,310,280 ","$6,383,525 ",,,,,"$10,693,805 ",agbajoc01
268,Kobe Bufkin,ATL,"$4,299,000 ","$4,503,720 ","$6,904,203 ",,,,"$8,802,720 ",bufkiko01
269,Quentin Grimes,PHI,"$4,296,682 ",,,,,,"$4,296,682 ",grimequ01
270,Kel'el Ware,MIA,"$4,231,800 ","$4,443,360 ","$4,654,920 ","$7,135,992 ",,,"$8,675,160 ",wareke01
271,Bones Hyland,ATL,"$4,158,439 ",,,,,,"$4,158,439 ",hylanbo01
272,Mark Williams,CHO,"$4,094,280 ","$6,276,531 ",,,,,"$10,370,811 ",willima07
273,Keyonte George,UTA,"$4,084,200 ","$4,278,960 ","$6,563,925 ",,,,"$8,363,160 ",georgke01
274,Cam Thomas,BRK,"$4,041,249 ",,,,,,"$4,041,249 ",thomaca02
275,Reggie Jackson,WAS,"$4,033,748 ",,,,,,"$2,087,519 ",jacksre01
276,Reggie Jackson,CHO,"$4,033,748 ",,,,,,"$1,946,229 ",jacksre01
277,Jared McCain,PHI,"$4,020,360 ","$4,221,360 ","$4,422,600 ","$6,784,268 ",,,"$8,241,720 ",mccaija01
278,Jaden Springer,HOU,"$4,018,363 ",,,,,,"$4,018,363 ",sprinja01
279,Dwight Powell,DAL,"$4,000,000 ","$4,000,000 ",,,,,"$4,000,000 ",poweldw01
280,Day'Ron Sharpe,BRK,"$3,989,122 ",,,,,,"$3,989,122 ",sharpda01
281,Santi Aldama,MEM,"$3,960,531 ",,,,,,"$3,960,531 ",aldamsa01
282,Amir Coffey,LAC,"$3,938,271 ",,,,,,"$3,938,271 ",coffeam01
283,Paul Reed,DET,"$3,913,234 ",,,,,,"$3,913,234 ",reedpa01
284,Paul Reed,DET,"$3,913,234 ",,,,,,"$3,913,234 ",reedpa01
285,Jalen Hood-Schifino,UTA,"$3,879,840 ",,,,,,"$3,879,840 ",hoodsja01
286,Kevin Love,MIA,"$3,850,000 ","$4,150,000 ",,,,,"$8,000,000 ",loveke01
287,Dalton Knecht,LAL,"$3,819,120 ","$4,010,160 ","$4,201,080 ","$6,452,860 ",,,"$7,829,280 ",knechda01
288,Tari Eason,HOU,"$3,695,160 ","$5,675,766 ",,,,,"$9,370,926 ",easonta01
289,Jaime Jaquez Jr.,MIA,"$3,685,800 ","$3,861,600 ","$5,939,141 ",,,,"$7,547,400 ",jaqueja01
290,Tristan Da Silva,ORL,"$3,628,440 ","$3,809,520 ","$3,991,200 ","$6,138,466 ",,,"$7,437,960 ",dasiltr01
291,Torrey Craig,CHI,"$3,625,162 ",,,,,,"$2,845,342 ",craigto01
292,Torrey Craig,BOS,"$3,625,162 ",,,,,,"$779,820 ",craigto01
293,Brandin Podziemski,GSW,"$3,519,960 ","$3,687,960 ","$5,679,459 ",,,,"$7,207,920 ",podzibr01
294,Dalen Terry,CHI,"$3,510,480 ","$5,399,118 ",,,,,"$8,909,598 ",terryda01
295,Svi Mykhailiuk,UTA,"$3,500,000 ","$3,675,000 ","$3,850,000 ","$4,025,000 ",,,"$3,500,000 ",mykhasv01
296,Cody Zeller,HOU,"$3,500,000 ",,,,,,"$3,500,000 ",zelleco01
297,Ja'Kobe Walter,TOR,"$3,465,000 ","$3,638,160 ","$3,811,800 ","$5,870,172 ",,,"$7,103,160 ",walteja01
298,Cam Whitmore,HOU,"$3,379,080 ","$3,539,760 ","$5,458,310 ",,,,"$6,918,840 ",whitmca01
299,Jake LaRavia,SAC,"$3,352,680 ","$5,163,127 ",,,,,"$3,352,680 ",laravja01
300,Jaylon Tyson,CLE,"$3,326,160 ","$3,492,480 ","$3,658,560 ","$5,641,500 ",,,"$6,818,640 ",tysonja01
301,Eric Gordon,PHI,"$3,303,771 ","$3,468,960 ",,,,,"$3,303,771 ",gordoer01
302,Cory Joseph,ORL,"$3,303,771 ","$3,468,960 ",,,,,"$3,303,771 ",josepco01
303,Noah Clowney,BRK,"$3,244,080 ","$3,398,640 ","$5,414,034 ",,,,"$6,642,720 ",clownno01
304,Kevin Porter Jr.,MIL,"$3,237,691 ","$2,546,675 ",,,,,"$2,237,691 ",porteke02
305,Kevin Porter Jr.,OKC,"$3,237,691 ","$2,546,675 ",,,,,"$1,000,000 ",porteke02
306,Malaki Branham,SAS,"$3,217,920 ","$4,962,033 ",,,,,"$8,179,953 ",branhma01
307,Yves Missi,NOP,"$3,193,200 ","$3,353,040 ","$3,512,760 ","$5,595,827 ",,,"$6,546,240 ",missiyv01
308,Dante Exum,DAL,"$3,150,000 ",,,,,,"$3,150,000 ",exumda01
309,Dariq Whitehead,BRK,"$3,114,240 ","$3,262,560 ","$5,366,912 ",,,,"$6,376,800 ",whiteda01
310,Nassir Little,PHO,"$3,107,143 ","$3,107,143 ","$3,107,143 ","$3,107,143 ","$3,107,143 ",,"$15,535,715 ",littlna01
311,Christian Braun,DEN,"$3,089,640 ","$4,921,797 ",,,,,"$8,011,437 ",braunch01
312,Johnny Juzang,UTA,"$3,087,519 ","$2,840,518 ","$2,708,000 ","$2,789,215 ",,,"$3,087,519 ",juzanjo01
313,DaRon Holmes,DEN,"$3,065,640 ","$3,218,760 ","$3,372,120 ","$5,547,138 ",,,"$6,284,400 ",holmeda01
314,Josh Richardson,UTA,"$3,051,153 ",,,,,,"$3,051,153 ",richajo01
315,Christian Wood,LAL,"$3,036,040 ",,,,,,"$3,036,040 ",woodch01
316,Kyle Filipowski,UTA,"$3,000,000 ","$3,000,000 ","$3,000,000 ","$3,000,000 ",,,"$6,000,000 ",filipky01
317,Julian Champagnie,SAS,"$3,000,000 ","$3,000,000 ","$3,000,000 ",,,,"$3,000,000 ",champju02
318,Ajay Mitchell,OKC,"$3,000,000 ","$3,000,000 ",,,,,"$3,000,000 ",mitchaj01
319,Kris Murray,POR,"$2,990,040 ","$3,132,000 ","$5,315,004 ",,,,"$6,122,040 ",murrakr01
320,David Roddy,ATL,"$2,967,212 ",,,,,,"$2,847,240 ",roddyda01
321,David Roddy,PHI,"$2,967,212 ",,,,,,"$119,972 ",roddyda01
322,Walker Kessler,UTA,"$2,965,920 ","$4,878,938 ",,,,,"$7,844,858 ",kesslwa01
323,Shake Milton,LAL,"$2,875,000 ","$3,000,000 ","$3,287,406 ",,,,"$9,162,406 ",miltosh01
324,Olivier-Maxence Prosper,DAL,"$2,870,400 ","$3,007,080 ","$5,259,383 ",,,,"$5,877,480 ",prospol01
325,Alex Len,WAS,"$2,831,348 ",,,,,,"$2,087,519 ",lenal01
326,Alex Len,LAL,"$2,831,348 ",,,,,,"$743,829 ",lenal01
327,Kyshawn George,WAS,"$2,825,520 ","$2,966,760 ","$3,108,000 ","$5,435,892 ",,,"$5,792,280 ",georgky01
328,AJ Johnson,WAS,"$2,795,294 ","$3,090,480 ","$3,237,120 ","$5,493,394 ",,,"$5,885,774 ",johnsaj01
329,Marcus Sasser,DET,"$2,755,080 ","$2,886,720 ","$5,198,983 ",,,,"$5,641,800 ",sassema01
330,Dewayne Dedmon,DET,"$2,748,674 ",,,,,,"$2,748,674 ",dedmode01
331,MarJon Beauchamp,LAC,"$2,733,720 ",,,,,,"$2,733,720 ",beaucma01
332,Trendon Watford,BRK,"$2,726,603 ",,,,,,"$2,726,603 ",watfotr01
333,Ben Sheppard,IND,"$2,663,880 ","$2,790,720 ","$5,031,669 ",,,,"$5,454,600 ",sheppbe01
334,Keita Bates-Diop,MIN,"$2,654,644 ",,,,,,"$2,654,644 ",bateske01
335,Blake Wesley,SAS,"$2,624,280 ","$4,726,328 ",,,,,"$7,350,608 ",weslebl01
336,Dillon Jones,OKC,"$2,622,360 ","$2,753,280 ","$2,884,440 ","$5,200,646 ",,,"$5,375,640 ",jonesdi01
337,Nick Smith Jr.,CHO,"$2,587,200 ","$2,710,680 ","$4,890,067 ",,,,"$5,297,880 ",smithni01
338,Brice Sensabaugh,UTA,"$2,571,480 ","$2,693,760 ","$4,862,237 ",,,,"$5,265,240 ",sensabr01
339,Ty Jerome,CLE,"$2,560,975 ",,,,,,"$2,560,975 ",jeromty01
340,Julian Strawther,DEN,"$2,552,520 ","$2,674,200 ","$4,826,931 ",,,,"$5,226,720 ",strawju01
341,Terrence Shannon Jr.,MIN,"$2,546,640 ","$2,674,080 ","$2,801,640 ","$5,054,159 ",,,"$5,220,720 ",shannte01
342,Wendell Moore Jr.,DET,"$2,537,040 ",,,,,,"$2,537,040 ",moorewe01
343,Kobe Brown,LAC,"$2,533,920 ","$2,654,880 ","$4,792,059 ",,,,"$5,188,800 ",brownko01
344,Ryan Dunn,PHO,"$2,530,800 ","$2,657,760 ","$2,784,240 ","$5,025,553 ",,,"$5,188,560 ",dunnry01
345,Isaiah Collier,UTA,"$2,512,680 ","$2,638,200 ","$2,763,960 ","$4,988,948 ",,,"$5,150,880 ",colliis01
346,Baylor Scheierman,BOS,"$2,494,320 ","$2,619,000 ","$2,744,040 ","$4,952,993 ",,,"$10,191,353 ",scheiba01
347,Nikola Jović,MIA,"$2,464,200 ","$4,445,417 ",,,,,"$6,909,617 ",jovicni01
348,Cam Reddish,LAL,"$2,463,946 ",,,,,,"$2,463,946 ",reddica01
349,Jaxson Hayes,LAL,"$2,463,946 ",,,,,,"$2,463,946 ",hayesja02
350,Patrick Baldwin Jr.,SAS,"$2,448,840 ",,,,,,"$2,448,840 ",baldwpa01
351,DaQuan Jeffries,CHO,"$2,425,404 ","$2,743,776 ","$3,080,918 ",,,,"$2,425,404 ",jeffrda01
352,Peyton Watson,DEN,"$2,413,560 ","$4,356,476 ",,,,,"$6,770,036 ",watsope01
353,Charlie Brown Jr.,CHO,"$2,237,692 ",,,,,,"$2,237,692 ",brownch02
354,Xavier Tillman Sr.,BOS,"$2,237,691 ","$2,546,675 ",,,,,"$4,784,366 ",tillmxa01
355,Anthony Gill,WAS,"$2,237,691 ","$2,546,675 ",,,,,"$2,237,691 ",gillan01
356,James Wiseman,TOR,"$2,237,691 ",,,,,,"$2,237,691 ",wisemja01
357,Garrison Mathews,ATL,"$2,230,253 ",,,,,,"$2,230,253 ",mathega01
358,JaVale McGee,DAL,"$2,208,856 ","$2,208,856 ","$2,208,856 ","$2,208,856 ",,,"$8,835,424 ",mcgeeja01
359,Jeremiah Robinson-Earl,NOP,"$2,196,970 ",,,,,,"$2,196,970 ",robinje02
360,Lindy Waters III,DET,"$2,196,970 ",,,,,,"$2,196,970 ",waterli01
361,Dalano Banton,POR,"$2,196,970 ",,,,,,"$2,019,706 ",bantoda01
362,Sam Merrill,CLE,"$2,164,993 ",,,,,,"$2,164,993 ",merrisa01
363,Duane Washington Jr.,CHO,"$2,162,607 ",,,,,,"$2,162,607 ",washidu02
364,Luka Garza,MIN,"$2,162,606 ","$2,349,578 ",,,,,"$2,162,606 ",garzalu01
365,Keon Johnson,BRK,"$2,162,606 ","$2,349,578 ",,,,,"$2,162,606 ",johnske07
366,Neemias Queta,BOS,"$2,162,606 ","$2,349,578 ","$2,667,944 ",,,,"$2,162,606 ",quetane01
367,Vit Krejci,ATL,"$2,162,606 ","$2,349,578 ","$2,667,944 ","$3,005,085 ",,,"$2,162,606 ",krejcvi01
368,Vince Williams Jr.,MEM,"$2,120,693 ","$2,301,587 ","$2,489,752 ",,,,"$4,422,280 ",willivi01
369,Colby Jones,WAS,"$2,120,693 ","$2,221,677 ","$2,406,205 ",,,,"$2,120,693 ",jonesco02
370,Keon Ellis,SAC,"$2,120,693 ","$2,301,587 ",,,,,"$2,120,693 ",elliske01
371,A.J. Green,MIL,"$2,120,693 ","$2,301,587 ",,,,,"$2,120,693 ",greenaj01
372,Sam Hauser,BOS,"$2,092,344 ","$10,044,644 ","$10,848,215 ","$11,651,785 ","$12,455,356 ",,"$47,092,344 ",hausesa01
373,Jericho Sims,MIL,"$2,092,344 ",,,,,,"$2,092,344 ",simsje01
374,Jay Huff,MEM,"$2,088,033 ","$2,349,578 ","$2,667,944 ","$3,005,085 ",,,"$4,437,611 ",huffja01
375,Tyler Kolek,NYK,"$2,087,519 ","$2,191,897 ","$2,296,271 ","$2,486,995 ",,,"$6,575,687 ",kolekty01
376,Scotty Pippen Jr.,MEM,"$2,087,519 ","$2,270,735 ","$2,461,462 ","$2,789,215 ",,,"$4,358,254 ",pippesc02
377,Mo Bamba,UTA,"$2,087,519 ",,,,,,"$2,087,519 ",bambamo01
378,Garrett Temple,TOR,"$2,087,519 ",,,,,,"$2,087,519 ",templga01
379,Charles Bassey,SAS,"$2,087,519 ","$2,500,000 ",,,,,"$2,087,519 ",bassech01
380,Jordan McLaughlin,SAS,"$2,087,519 ",,,,,,"$2,087,519 ",mclaujo01
381,Sandro Mamukelashvili,SAS,"$2,087,519 ",,,,,,"$2,087,519 ",mamuksa01
382,Doug McDermott,SAC,"$2,087,519 ",,,,,,"$2,087,519 ",mcderdo01
383,Tyus Jones,PHO,"$2,087,519 ",,,,,,"$2,087,519 ",jonesty01
384,Bol Bol,PHO,"$2,087,519 ",,,,,,"$2,087,519 ",bolbo01
385,Monte Morris,PHO,"$2,087,519 ",,,,,,"$2,087,519 ",morrimo01
386,Mason Plumlee,PHO,"$2,087,519 ",,,,,,"$2,087,519 ",plumlma01
387,Damion Lee,PHO,"$2,087,519 ",,,,,,"$2,087,519 ",leeda03
388,Guerschon Yabusele,PHI,"$2,087,519 ",,,,,,"$2,087,519 ",yabusgu01
389,Kyle Lowry,PHI,"$2,087,519 ",,,,,,"$2,087,519 ",lowryky01
390,Daniel Theis,OKC,"$2,087,519 ",,,,,,"$2,087,519 ",theisda01
391,Cameron Payne,NYK,"$2,087,519 ",,,,,,"$2,087,519 ",payneca01
392,Delon Wright,NYK,"$2,087,519 ",,,,,,"$2,087,519 ",wrighde01
393,Joe Ingles,MIN,"$2,087,519 ",,,,,,"$2,087,519 ",inglejo01
394,Gary Trent Jr.,MIL,"$2,087,519 ",,,,,,"$2,087,519 ",trentga02
395,Taurean Prince,MIL,"$2,087,519 ",,,,,,"$2,087,519 ",princta02
396,Alec Burks,MIA,"$2,087,519 ",,,,,,"$2,087,519 ",burksal01
397,Markieff Morris,LAL,"$2,087,519 ",,,,,,"$2,087,519 ",morrima02
398,Patty Mills,LAC,"$2,087,519 ",,,,,,"$2,087,519 ",millspa02
399,James Johnson,IND,"$2,087,519 ",,,,,,"$2,087,519 ",johnsja01
400,Thomas Bryant,IND,"$2,087,519 ",,,,,,"$2,087,519 ",bryanth01
401,DeAndre Jordan,DEN,"$2,087,519 ",,,,,,"$2,087,519 ",jordade01
402,Vlatko Čančar,DEN,"$2,087,519 ",,,,,,"$2,087,519 ",cancavl01
403,Spencer Dinwiddie,DAL,"$2,087,519 ",,,,,,"$2,087,519 ",dinwisp01
404,Tristan Thompson,CLE,"$2,087,519 ",,,,,,"$2,087,519 ",thomptr01
405,Seth Curry,CHO,"$2,087,519 ",,,,,,"$2,087,519 ",curryse01
406,Taj Gibson,CHO,"$2,087,519 ",,,,,,"$2,087,519 ",gibsota01
407,Talen Horton-Tucker,CHI,"$2,087,519 ",,,,,,"$2,087,519 ",hortota01
408,Luke Kornet,BOS,"$2,087,519 ",,,,,,"$2,087,519 ",kornelu01
409,Duop Reath,POR,"$2,048,780 ","$2,221,677 ",,,,,"$2,048,780 ",reathdu01
410,Andrew Nembhard,IND,"$2,019,699 ","$18,102,000 ","$19,550,160 ","$20,998,320 ",,,"$60,670,179 ",nembhan01
411,Jaden Hardy,DAL,"$2,019,699 ","$6,000,000 ","$6,000,000 ","$6,000,000 ",,,"$14,019,699 ",hardyja02
412,Jabari Walker,POR,"$2,019,699 ",,,,,,"$2,019,699 ",walkeja01
413,Caleb Houstan,ORL,"$2,019,699 ","$2,187,699 ",,,,,"$2,019,699 ",houstca01
414,Jaylin Williams,OKC,"$2,019,699 ","$2,187,451 ",,,,,"$2,019,699 ",willija07
415,Josh Minott,MIN,"$2,019,699 ","$2,187,451 ",,,,,"$2,019,699 ",minotjo01
416,Kennedy Chandler,MEM,"$2,019,699 ",,,,,,"$2,019,699 ",chandke01
417,Jose Alvarado,NOP,"$1,988,598 ","$4,500,000 ","$4,500,000 ",,,,"$6,488,598 ",alvarjo01
418,Ricky Council IV,PHI,"$1,891,857 ","$2,221,677 ","$2,406,205 ",,,,"$4,113,534 ",councri01
419,GG Jackson II,MEM,"$1,891,857 ","$2,221,677 ","$2,406,205 ",,,,"$4,113,534 ",jacksgg01
420,Jalen Pickett,DEN,"$1,891,857 ","$2,221,677 ","$2,406,205 ",,,,"$4,113,534 ",pickeja02
421,Hunter Tyson,DEN,"$1,891,857 ","$2,221,677 ","$2,406,205 ",,,,"$4,113,534 ",tysonhu01
422,Julian Phillips,CHI,"$1,891,857 ","$2,221,677 ","$2,406,205 ",,,,"$4,113,534 ",phillju01
423,Jordan Walsh,BOS,"$1,891,857 ","$2,221,677 ","$2,406,205 ",,,,"$2,091,857 ",walshjo01
424,Sidy Cissoko,WAS,"$1,891,857 ",,,,,,"$1,891,857 ",cissosi01
425,Toumani Camara,POR,"$1,891,857 ","$2,221,677 ","$2,406,205 ",,,,"$1,891,857 ",camarto01
426,Rayan Rupert,POR,"$1,891,857 ","$2,221,677 ",,,,,"$1,891,857 ",ruperra01
427,Leonard Miller,MIN,"$1,891,857 ","$2,221,677 ","$2,406,205 ",,,,"$1,891,857 ",millele01
428,Chris Livingston,MIL,"$1,891,857 ","$2,221,677 ","$2,406,205 ",,,,"$1,891,857 ",livinch01
429,Andre Jackson Jr.,MIL,"$1,891,857 ","$2,221,677 ","$2,406,205 ",,,,"$1,891,857 ",jacksan01
430,Gui Santos,GSW,"$1,891,857 ","$2,221,677 ",,,,,"$1,891,857 ",santogu01
431,Trayce Jackson-Davis,GSW,"$1,891,857 ","$2,221,677 ","$2,406,205 ",,,,"$1,891,857 ",jackstr02
432,Craig Porter Jr.,CLE,"$1,891,857 ","$2,221,677 ","$2,406,205 ",,,,"$1,891,857 ",portecr01
433,Jalen Wilson,BRK,"$1,891,857 ","$2,221,677 ",,,,,"$1,891,857 ",wilsoja03
434,Maxwell Lewis,BRK,"$1,891,857 ","$2,221,677 ","$2,406,205 ",,,,"$1,891,857 ",lewisma05
435,Mouhamed Gueye,ATL,"$1,891,857 ","$2,221,677 ","$2,406,205 ",,,,"$1,891,857 ",gueyemo02
436,Jonathan Mogbo,TOR,"$1,862,265 ","$1,955,377 ","$2,296,271 ",,,,"$3,817,642 ",mogbojo01
437,Jamal Shead,TOR,"$1,862,265 ","$1,955,377 ","$2,296,271 ",,,,"$3,817,642 ",sheadja01
438,Johnny Furphy,IND,"$1,850,842 ","$1,955,377 ","$2,296,271 ","$2,486,995 ",,,"$6,102,490 ",furphjo01
439,Pacome Dadiet,NYK,"$1,808,080 ","$2,847,600 ","$2,983,680 ","$5,373,608 ",,,"$4,655,680 ",dadiepa01
440,Javonte Green,NOP,"$1,728,488 ",,,,,,"$1,728,488 ",greenja02
441,Jae Crowder,SAC,"$1,655,619 ",,,,,,"$1,655,619 ",crowdja01
442,Karlo Matković,NOP,"$1,407,153 ","$1,955,377 ","$2,296,271 ",,,,"$3,362,530 ",matkoka01
443,Landry Shamet,NYK,"$1,343,690 ",,,,,,"$1,343,690 ",shamela01
444,Eric Bledsoe,POR,"$1,300,000 ",,,,,,"$1,300,000 ",bledser01
445,Bobi Klintman,DET,"$1,257,153 ","$1,955,377 ","$2,296,271 ","$2,486,995 ",,,"$3,212,530 ",klintbo01
446,Orlando Robinson,SAC,"$1,199,723 ",,,,,,"$959,779 ",robinor01
447,Orlando Robinson,TOR,"$1,199,723 ",,,,,,"$239,944 ",robinor01
448,Orlando Robinson,TOR,"$1,199,723 ",,,,,,"$239,944 ",robinor01
449,Tyler Smith,MIL,"$1,157,153 ","$1,955,377 ","$2,296,271 ","$2,486,995 ",,,"$5,408,801 ",smithty02
450,Oso Ighodaro,PHO,"$1,157,153 ","$1,955,377 ","$2,296,271 ","$2,486,995 ",,,"$3,112,530 ",ighodos01
451,Jaylen Wells,MEM,"$1,157,153 ","$1,955,377 ","$2,296,271 ","$2,486,995 ",,,"$3,112,530 ",wellsja01
452,Bronny James,LAL,"$1,157,153 ","$1,955,377 ","$2,296,271 ","$2,486,995 ",,,"$3,112,530 ",jamesbr02
453,Cam Christie,LAC,"$1,157,153 ","$1,955,377 ","$2,296,271 ","$2,486,995 ",,,"$3,112,530 ",chrisca02
454,Adem Bona,PHI,"$1,157,153 ","$1,955,377 ","$2,296,271 ","$2,486,995 ",,,"$1,157,153 ",bonaad01
455,Antonio Reeves,NOP,"$1,157,153 ","$1,955,377 ","$2,296,271 ",,,,"$1,157,153 ",reevean01
456,Pelle Larsson,MIA,"$1,157,153 ","$1,955,377 ","$2,296,271 ",,,,"$1,157,153 ",larsspe01
457,Bruno Fernando,TOR,"$1,115,128 ",,,,,,"$1,115,128 ",fernabr01
458,Ariel Hukporti,NYK,"$1,064,049 ","$1,955,377 ",,,,,"$1,064,049 ",hukpoar01
459,PJ Dozier,MIN,"$1,051,255 ",,,,,,"$1,051,255 ",doziepj01
460,Jamison Battle,TOR,"$1,000,000 ","$1,955,377 ","$2,296,271 ",,,,"$1,000,000 ",battlja01
461,Joshua Primo,LAC,"$1,000,000 ",,,,,,"$1,000,000 ",primojo01
462,Moussa Diabaté,CHO,"$957,763 ","$2,270,735 ","$2,461,462 ",,,,"$957,763 ",diabamo01
463,Jared Butler,PHI,"$745,726 ","$2,349,578 ",,,,,"$745,726 ",butleja02
464,Markelle Fultz,SAC,"$731,831 ",,,,,,"$731,831 ",fultzma01
465,Keshad Johnson,MIA,"$724,883 ","$1,955,377 ",,,,,"$724,883 ",johnske10
466,E.J. Liddell,PHO,"$706,898 ","$706,898 ","$706,898 ",,,,"$2,120,694 ",liddeej01
467,Nik Stauskas,IND,"$702,310 ",,,,,,"$702,310 ",stausni01
468,Matt Ryan,NYK,"$621,439 ",,,,,,"$621,439 ",ryanma01
469,Ryan Rollins,WAS,"$600,000 ",,,,,,"$600,000 ",rolliry01
470,Juwan Morgan,IND,"$576,229 ",,,,,,"$576,229 ",morgaju01
471,Malik Fitts,IND,"$555,216 ",,,,,,"$555,216 ",fittsma01
472,Elfrid Payton,NOP,"$514,753 ",,,,,,"$274,809 ",paytoel01
473,Elfrid Payton,CHO,"$514,753 ",,,,,,"$239,944 ",paytoel01
474,Elfrid Payton,CHO,"$514,753 ",,,,,,"$239,944 ",paytoel01
475,Branden Carlson,OKC,"$496,519 ",,,,,,"$496,519 ",carlsbr01
476,Branden Carlson,OKC,"$496,519 ",,,,,,"$496,519 ",carlsbr01
477,Branden Carlson,OKC,"$496,519 ",,,,,,"$496,519 ",carlsbr01
478,Mamadi Diakite,MEM,"$464,050 ","$464,050 ","$464,050 ",,,,"$1,392,150 ",diakima01
479,Jaylen Nowell,NOP,"$446,743 ",,,,,,"$278,782 ",nowelja01
480,Jaylen Nowell,WAS,"$446,743 ",,,,,,"$167,961 ",nowelja01
481,Quinten Post,GSW,"$438,920 ","$1,955,377 ",,,,,"$438,920 ",postqu01
482,Justin Edwards,PHI,"$425,619 ","$1,955,377 ",,,,,"$425,619 ",edwarju01
483,Ricky Rubio,CLE,"$424,672 ","$424,672 ","$424,672 ",,,,"$1,274,016 ",rubiori01
484,Moses Brown,IND,"$306,660 ",,,,,,"$306,660 ",brownmo01
485,Didi Louzada,POR,"$268,032 ","$268,032 ","$268,032 ","$268,032 ","$268,032 ",,"$1,340,160 ",louzama01
486,AJ Griffin,HOU,"$250,000 ",,,,,,"$250,000 ",griffaj01
487,Bismack Biyombo,SAS,"$143,967 ",,,,,,"$287,934 ",biyombi01
488,Bismack Biyombo,SAS,"$143,967 ",,,,,,"$287,934 ",biyombi01
489,Malevy Leons,OKC,"$126,356 ",,,,,,"$126,356 ",leonsma01
490,Eugene Omoruyi,TOR,"$119,972 ",,,,,,"$119,972 ",omorueu01
491,Daishen Nix,SAC,"$119,972 ",,,,,,"$119,972 ",nixda01
492,Chuma Okeke,PHI,"$119,972 ",,,,,,"$119,972 ",okekech01
493,Jahlil Okafor,IND,"$119,972 ",,,,,,"$119,972 ",okafoja01
494,Javon Freeman-Liberty,TOR,"$100,000 ",,,,,,"$100,000 ",freemja01
495,Erik Stevenson,WAS,"$66,503 ",,,,,,"$66,503 ",steveer01
496,Javante McCoy,DET,"$47,265 ",,,,,,"$47,265 ",mccoyja01
